{"cameraMode":{"drawMode":0,"name":"Shaded","section":"Shading Mode"},"sceneLighting":false,"audioPlay":false,"sceneViewState":{"m_AlwaysRefresh":false,"showFog":true,"showSkybox":false,"showFlares":true,"showImageEffects":true,"showParticleSystems":true,"showVisualEffectGraphs":true,"m_FxEnabled":true},"in2DMode":false,"pivot":{"x":0.17476463317871095,"y":1.829331398010254,"z":-0.7470531463623047},"rotation":{"x":0.28235721588134768,"y":0.1993589699268341,"z":-0.059986960142850879,"w":0.9365118741989136},"size":29.668996810913087,"orthographic":false}