{"cameraMode":{"drawMode":0,"name":"Shaded","section":"Shading Mode"},"sceneLighting":true,"audioPlay":false,"sceneViewState":{"m_AlwaysRefresh":false,"showFog":true,"showSkybox":true,"showFlares":true,"showImageEffects":true,"showParticleSystems":true,"showVisualEffectGraphs":true,"m_FxEnabled":true},"in2DMode":false,"pivot":{"x":25.137113571166993,"y":83.11565399169922,"z":1025.239990234375},"rotation":{"x":0.02941587194800377,"y":0.13574926555156709,"z":0.004010912962257862,"w":-0.9903320670127869},"size":305.47381591796877,"orthographic":false}