{"cameraMode":{"drawMode":0,"name":"Shaded","section":"Shading Mode"},"sceneLighting":false,"audioPlay":false,"sceneViewState":{"m_AlwaysRefresh":false,"showFog":true,"showSkybox":true,"showFlares":true,"showImageEffects":true,"showParticleSystems":true,"showVisualEffectGraphs":true,"m_FxEnabled":true},"in2DMode":false,"pivot":{"x":254.2735595703125,"y":92.32280731201172,"z":266.37982177734377},"rotation":{"x":-0.23515242338180543,"y":-0.29392704367637637,"z":0.07475332170724869,"w":-0.9234979152679443},"size":37.231685638427737,"orthographic":false}