{"cameraMode":{"drawMode":0,"name":"Shaded","section":"Shading Mode"},"sceneLighting":false,"audioPlay":false,"sceneViewState":{"m_AlwaysRefresh":false,"showFog":true,"showSkybox":true,"showFlares":true,"showImageEffects":true,"showParticleSystems":true,"showVisualEffectGraphs":true,"m_FxEnabled":true},"in2DMode":false,"pivot":{"x":167.49166870117188,"y":93.76031494140625,"z":194.45999145507813},"rotation":{"x":0.10114315152168274,"y":0.43621960282325747,"z":-0.0494210347533226,"w":0.8927752375602722},"size":23.743120193481447,"orthographic":false}